ubigeo,departamento,latitud,longitud,altitud_m,lluvia_total_mm,dias_lluvia_fuerte
23,Tacna,-18.0,-70.5,316.0,9.7,0
23,Tacna,-18.0,-70.0,2015.0,194.1,0
18,Moquegua,-17.5,-71.0,1147.0,11.1,0
23,Tacna,-17.5,-70.5,1756.0,30.7,0
23,Tacna,-17.5,-70.0,3927.0,601.5,3
23,Tacna,-17.5,-69.5,4130.0,419.6,0
04,Arequipa,-17.0,-72.0,300.0,7.9,0
04,Arequipa,-17.0,-71.5,1185.0,9.3,0
18,Moquegua,-17.0,-71.0,2569.0,111.0,0
18,Moquegua,-17.0,-70.5,4976.0,427.5,0
21,Puno,-17.0,-70.0,4541.0,466.7,1
21,Puno,-17.0,-69.5,4483.0,563.7,1
04,Arequipa,-16.5,-73.0,310.0,17.5,0
04,Arequipa,-16.5,-72.5,932.0,20.8,0
04,Arequipa,-16.5,-72.0,1306.0,29.4,0
04,Arequipa,-16.5,-71.5,2385.0,294.0,2
18,Moquegua,-16.5,-71.0,5043.0,485.7,2
18,Moquegua,-16.5,-70.5,4692.0,501.6,2
21,Puno,-16.5,-70.0,4331.0,504.8,1
21,Puno,-16.5,-69.5,4120.0,682.4,2
04,Arequipa,-16.0,-74.0,146.0,29.8,0
04,Arequipa,-16.0,-73.5,1799.0,17.5,0
04,Arequipa,-16.0,-73.0,1696.0,174.1,1
04,Arequipa,-16.0,-72.5,834.0,35.3,0
04,Arequipa,-16.0,-72.0,3586.0,461.7,0
04,Arequipa,-16.0,-71.5,4466.0,512.9,0
04,Arequipa,-16.0,-71.0,4547.0,528.6,1
21,Puno,-16.0,-70.5,4355.0,587.7,0
21,Puno,-16.0,-70.0,3894.0,773.6,1
21,Puno,-16.0,-69.5,3812.0,1004.8,8
04,Arequipa,-15.5,-74.5,1241.0,54.2,0
05,Ayacucho,-15.5,-74.0,2249.0,174.9,0
04,Arequipa,-15.5,-73.5,3400.0,802.0,10
04,Arequipa,-15.5,-73.0,3647.0,696.6,5
04,Arequipa,-15.5,-72.5,4912.0,408.6,0
04,Arequipa,-15.5,-72.0,4161.0,591.5,1
04,Arequipa,-15.5,-71.5,4090.0,549.6,0
21,Puno,-15.5,-71.0,4456.0,624.4,1
21,Puno,-15.5,-70.5,4696.0,744.0,2
21,Puno,-15.5,-70.0,3819.0,688.3,4
11,Ica,-15.0,-75.0,524.0,29.4,0
05,Ayacucho,-15.0,-74.5,2207.0,141.1,0
05,Ayacucho,-15.0,-74.0,3356.0,818.4,9
05,Ayacucho,-15.0,-73.5,4185.0,736.6,2
05,Ayacucho,-15.0,-73.0,4915.0,546.3,1
04,Arequipa,-15.0,-72.5,4571.0,689.0,2
04,Arequipa,-15.0,-72.0,4694.0,635.1,1
04,Arequipa,-15.0,-71.5,4579.0,895.0,7
21,Puno,-15.0,-71.0,4300.0,844.0,7
21,Puno,-15.0,-70.5,3960.0,747.6,1
21,Puno,-15.0,-70.0,4104.0,754.1,2
21,Puno,-15.0,-69.5,4775.0,540.8,0
11,Ica,-14.5,-75.5,372.0,23.0,0
05,Ayacucho,-14.5,-75.0,1873.0,254.9,1
05,Ayacucho,-14.5,-74.5,4139.0,798.7,3
05,Ayacucho,-14.5,-74.0,4331.0,699.6,3
03,Apurímac,-14.5,-73.5,4499.0,839.6,4
03,Apurímac,-14.5,-73.0,4598.0,678.8,1
03,Apurímac,-14.5,-72.5,4826.0,717.3,4
08,Cusco,-14.5,-72.0,4284.0,1092.1,8
08,Cusco,-14.5,-71.5,4017.0,1035.3,8
08,Cusco,-14.5,-71.0,5013.0,635.6,1
21,Puno,-14.5,-70.5,4013.0,742.6,5
21,Puno,-14.5,-70.0,4638.0,653.5,2
21,Puno,-14.5,-69.5,4451.0,600.1,1
11,Ica,-14.0,-76.0,461.0,12.0,0
11,Ica,-14.0,-75.5,1720.0,131.4,0
09,Huancavelica,-14.0,-75.0,2611.0,567.3,4
05,Ayacucho,-14.0,-74.5,4251.0,827.6,3
05,Ayacucho,-14.0,-74.0,4275.0,894.4,3
03,Apurímac,-14.0,-73.5,4018.0,923.4,3
03,Apurímac,-14.0,-73.0,3755.0,645.3,1
03,Apurímac,-14.0,-72.5,4005.0,692.9,2
08,Cusco,-14.0,-72.0,3620.0,752.3,4
08,Cusco,-14.0,-71.5,3650.0,747.1,2
08,Cusco,-14.0,-71.0,4669.0,618.8,0
21,Puno,-14.0,-70.5,4372.0,664.5,2
21,Puno,-14.0,-70.0,4125.0,1012.3,8
21,Puno,-14.0,-69.5,1657.0,1055.4,5
21,Puno,-14.0,-69.0,1122.0,936.6,7
11,Ica,-13.5,-76.0,372.0,23.6,0
11,Ica,-13.5,-75.5,2510.0,416.7,0
09,Huancavelica,-13.5,-75.0,4547.0,818.4,0
05,Ayacucho,-13.5,-74.5,4324.0,859.4,3
05,Ayacucho,-13.5,-74.0,3926.0,841.4,3
03,Apurímac,-13.5,-73.5,2016.0,345.1,1
03,Apurímac,-13.5,-73.0,3353.0,338.2,1
08,Cusco,-13.5,-72.5,2441.0,683.9,4
08,Cusco,-13.5,-72.0,3640.0,601.9,2
08,Cusco,-13.5,-71.5,4028.0,809.8,3
08,Cusco,-13.5,-71.0,3206.0,1880.3,23
21,Puno,-13.5,-70.5,2025.0,1768.9,21
21,Puno,-13.5,-70.0,1103.0,1524.6,28
21,Puno,-13.5,-69.5,544.0,1360.6,28
21,Puno,-13.5,-69.0,268.0,1296.6,24
15,Lima,-13.0,-76.0,3034.0,933.6,6
09,Huancavelica,-13.0,-75.5,4352.0,876.6,2
09,Huancavelica,-13.0,-75.0,4729.0,697.1,3
09,Huancavelica,-13.0,-74.5,3729.0,1011.8,5
05,Ayacucho,-13.0,-74.0,3318.0,598.4,0
08,Cusco,-13.0,-73.5,764.0,299.1,0
08,Cusco,-13.0,-73.0,3880.0,883.3,5
08,Cusco,-13.0,-72.5,2254.0,2061.9,36
08,Cusco,-13.0,-72.0,3486.0,632.7,2
08,Cusco,-13.0,-71.5,1424.0,1206.4,17
17,Madre de Dios,-13.0,-71.0,778.0,1702.3,30
17,Madre de Dios,-13.0,-70.5,438.0,1377.6,27
17,Madre de Dios,-13.0,-70.0,254.0,1243.0,27
17,Madre de Dios,-13.0,-69.5,206.0,1269.0,22
17,Madre de Dios,-13.0,-69.0,219.0,1299.9,25
15,Lima,-12.5,-76.5,1064.0,121.9,0
15,Lima,-12.5,-76.0,4371.0,731.5,2
12,Junín,-12.5,-75.5,4404.0,751.0,0
09,Huancavelica,-12.5,-75.0,2890.0,614.6,1
09,Huancavelica,-12.5,-74.5,3546.0,577.9,1
05,Ayacucho,-12.5,-74.0,1691.0,1186.0,11
08,Cusco,-12.5,-73.5,3296.0,1574.1,20
08,Cusco,-12.5,-73.0,644.0,1299.9,12
08,Cusco,-12.5,-72.5,2114.0,1541.3,18
17,Madre de Dios,-12.5,-72.0,2303.0,2020.5,34
17,Madre de Dios,-12.5,-71.5,767.0,1591.0,25
17,Madre de Dios,-12.5,-71.0,349.0,1176.0,17
17,Madre de Dios,-12.5,-70.5,263.0,1048.7,15
17,Madre de Dios,-12.5,-70.0,285.0,1144.7,18
17,Madre de Dios,-12.5,-69.5,268.0,1047.7,17
17,Madre de Dios,-12.5,-69.0,188.0,956.5,12
15,Lima,-12.0,-77.0,217.0,53.0,0
15,Lima,-12.0,-76.5,3732.0,1409.3,17
15,Lima,-12.0,-76.0,5100.0,697.5,2
12,Junín,-12.0,-75.5,3645.0,782.6,1
12,Junín,-12.0,-75.0,4275.0,899.8,0
12,Junín,-12.0,-74.5,2119.0,1271.6,13
12,Junín,-12.0,-74.0,417.0,1602.8,29
12,Junín,-12.0,-73.5,2545.0,1202.2,11
08,Cusco,-12.0,-73.0,738.0,1603.4,25
08,Cusco,-12.0,-72.5,1862.0,1196.4,10
17,Madre de Dios,-12.0,-72.0,909.0,717.5,4
17,Madre de Dios,-12.0,-71.5,397.0,824.1,10
17,Madre de Dios,-12.0,-71.0,399.0,892.7,9
17,Madre de Dios,-12.0,-70.5,386.0,1060.5,12
17,Madre de Dios,-12.0,-70.0,252.0,990.3,15
17,Madre de Dios,-12.0,-69.5,286.0,1010.6,13
17,Madre de Dios,-12.0,-69.0,275.0,931.8,12
15,Lima,-11.5,-77.0,794.0,92.2,0
15,Lima,-11.5,-76.5,4695.0,755.2,1
12,Junín,-11.5,-76.0,4293.0,798.0,1
12,Junín,-11.5,-75.5,4195.0,665.3,0
12,Junín,-11.5,-75.0,4058.0,871.6,3
12,Junín,-11.5,-74.5,1245.0,883.1,10
12,Junín,-11.5,-74.0,875.0,2152.4,40
12,Junín,-11.5,-73.5,604.0,1338.3,17
08,Cusco,-11.5,-73.0,448.0,1342.8,22
08,Cusco,-11.5,-72.5,392.0,1136.2,20
17,Madre de Dios,-11.5,-72.0,438.0,896.6,13
17,Madre de Dios,-11.5,-71.5,472.0,921.0,14
17,Madre de Dios,-11.5,-71.0,468.0,843.3,7
17,Madre de Dios,-11.5,-70.5,372.0,974.2,13
17,Madre de Dios,-11.5,-70.0,372.0,925.1,13
17,Madre de Dios,-11.5,-69.5,308.0,968.3,15
15,Lima,-11.0,-77.5,642.0,26.6,0
15,Lima,-11.0,-77.0,2445.0,902.8,6
19,Pasco,-11.0,-76.5,4639.0,746.6,0
12,Junín,-11.0,-76.0,4138.0,659.9,2
12,Junín,-11.0,-75.5,3265.0,1440.6,15
12,Junín,-11.0,-75.0,968.0,996.8,13
12,Junín,-11.0,-74.5,728.0,1105.7,11
25,Ucayali,-11.0,-74.0,1824.0,1078.6,8
25,Ucayali,-11.0,-73.5,386.0,1375.9,23
25,Ucayali,-11.0,-73.0,343.0,1207.3,18
25,Ucayali,-11.0,-72.5,387.0,978.7,14
17,Madre de Dios,-11.0,-72.0,501.0,904.6,7
17,Madre de Dios,-11.0,-71.5,488.0,947.2,8
17,Madre de Dios,-11.0,-71.0,388.0,939.6,11
17,Madre de Dios,-11.0,-70.5,377.0,913.5,11
17,Madre de Dios,-11.0,-70.0,297.0,1009.9,14
02,Áncash,-10.5,-77.5,1536.0,200.1,0
15,Lima,-10.5,-77.0,4030.0,1188.2,4
19,Pasco,-10.5,-76.5,3684.0,721.3,2
19,Pasco,-10.5,-76.0,4632.0,743.2,1
19,Pasco,-10.5,-75.5,2253.0,1597.9,19
19,Pasco,-10.5,-75.0,981.0,1357.4,23
19,Pasco,-10.5,-74.5,1118.0,1275.9,10
25,Ucayali,-10.5,-74.0,194.0,1199.4,22
25,Ucayali,-10.5,-73.5,342.0,1327.8,19
25,Ucayali,-10.5,-73.0,312.0,1137.6,18
25,Ucayali,-10.5,-72.5,385.0,1005.7,13
25,Ucayali,-10.5,-72.0,422.0,1093.6,19
25,Ucayali,-10.5,-71.5,297.0,1014.0,13
17,Madre de Dios,-10.5,-71.0,323.0,989.6,12
02,Áncash,-10.0,-78.0,343.0,33.5,0
02,Áncash,-10.0,-77.5,3953.0,1050.2,9
02,Áncash,-10.0,-77.0,4709.0,795.3,1
10,Huánuco,-10.0,-76.5,3483.0,447.9,0
10,Huánuco,-10.0,-76.0,3435.0,702.2,3
19,Pasco,-10.0,-75.5,780.0,1313.8,13
19,Pasco,-10.0,-75.0,275.0,1515.4,25
19,Pasco,-10.0,-74.5,777.0,1313.2,18
25,Ucayali,-10.0,-74.0,172.0,1189.4,20
25,Ucayali,-10.0,-73.5,310.0,1228.6,23
25,Ucayali,-10.0,-73.0,328.0,1154.5,17
25,Ucayali,-10.0,-72.5,285.0,993.5,15
25,Ucayali,-10.0,-72.0,361.0,1128.9,20
25,Ucayali,-10.0,-71.0,291.0,1094.4,15
02,Áncash,-9.5,-78.0,949.0,189.4,0
02,Áncash,-9.5,-77.5,3380.0,1083.0,7
02,Áncash,-9.5,-77.0,3747.0,1223.8,13
10,Huánuco,-9.5,-76.5,4574.0,795.9,3
10,Huánuco,-9.5,-76.0,1309.0,1042.4,12
10,Huánuco,-9.5,-75.5,420.0,1447.4,22
10,Huánuco,-9.5,-75.0,205.0,1741.5,30
25,Ucayali,-9.5,-74.5,955.0,1652.4,26
25,Ucayali,-9.5,-74.0,197.0,1328.7,22
25,Ucayali,-9.5,-73.5,333.0,1307.7,22
25,Ucayali,-9.5,-73.0,288.0,1145.3,20
25,Ucayali,-9.5,-72.5,303.0,1124.5,19
02,Áncash,-9.0,-78.5,166.0,42.6,0
02,Áncash,-9.0,-78.0,3435.0,1856.2,31
02,Áncash,-9.0,-77.5,3611.0,871.5,9
10,Huánuco,-9.0,-77.0,3142.0,502.3,0
10,Huánuco,-9.0,-76.5,2207.0,1537.8,20
10,Huánuco,-9.0,-76.0,1011.0,1966.8,33
25,Ucayali,-9.0,-75.5,277.0,1401.6,21
10,Huánuco,-9.0,-75.0,208.0,1396.9,20
25,Ucayali,-9.0,-74.5,164.0,1327.1,20
25,Ucayali,-9.0,-74.0,188.0,1553.3,24
25,Ucayali,-9.0,-73.5,236.0,1319.4,20
25,Ucayali,-9.0,-73.0,271.0,1377.8,20
13,La Libertad,-8.5,-78.5,629.0,90.7,0
02,Áncash,-8.5,-78.0,3797.0,1054.6,7
02,Áncash,-8.5,-77.5,4316.0,737.7,1
22,San Martín,-8.5,-77.0,3216.0,855.4,6
22,San Martín,-8.5,-76.5,938.0,1729.1,23
10,Huánuco,-8.5,-76.0,1633.0,1303.3,14
25,Ucayali,-8.5,-75.5,274.0,1464.2,23
25,Ucayali,-8.5,-75.0,171.0,1614.6,36
25,Ucayali,-8.5,-74.5,149.0,1288.6,20
25,Ucayali,-8.5,-74.0,195.0,1514.0,28
25,Ucayali,-8.5,-73.5,226.0,1370.5,21
13,La Libertad,-8.0,-79.0,382.0,85.1,0
13,La Libertad,-8.0,-78.5,2908.0,849.6,3
13,La Libertad,-8.0,-78.0,3975.0,774.6,3
13,La Libertad,-8.0,-77.5,3059.0,1817.9,38
22,San Martín,-8.0,-77.0,2391.0,1401.1,24
22,San Martín,-8.0,-76.5,1156.0,1860.5,31
22,San Martín,-8.0,-76.0,1005.0,1216.2,11
16,Loreto,-8.0,-75.5,224.0,1485.0,27
25,Ucayali,-8.0,-75.0,162.0,1259.6,22
25,Ucayali,-8.0,-74.5,154.0,1367.3,20
25,Ucayali,-8.0,-74.0,265.0,1446.5,25
13,La Libertad,-7.5,-79.5,40.0,69.1,0
06,Cajamarca,-7.5,-79.0,831.0,179.8,0
06,Cajamarca,-7.5,-78.5,2769.0,1382.8,17
06,Cajamarca,-7.5,-78.0,2771.0,811.5,3
22,San Martín,-7.5,-77.5,3414.0,962.1,6
22,San Martín,-7.5,-77.0,1838.0,1677.0,17
22,San Martín,-7.5,-76.5,484.0,937.1,8
16,Loreto,-7.5,-76.0,659.0,974.8,8
16,Loreto,-7.5,-75.5,193.0,1380.9,25
16,Loreto,-7.5,-75.0,145.0,1217.1,19
25,Ucayali,-7.5,-74.5,245.0,1508.0,27
16,Loreto,-7.5,-74.0,292.0,1302.8,20
13,La Libertad,-7.0,-79.5,203.0,172.7,1
06,Cajamarca,-7.0,-79.0,3331.0,1819.5,31
06,Cajamarca,-7.0,-78.5,4014.0,968.4,3
06,Cajamarca,-7.0,-78.0,973.0,384.8,2
22,San Martín,-7.0,-77.5,2796.0,873.4,4
22,San Martín,-7.0,-77.0,1171.0,1566.2,27
22,San Martín,-7.0,-76.5,236.0,1549.2,24
16,Loreto,-7.0,-76.0,1168.0,1113.1,10
16,Loreto,-7.0,-75.5,275.0,1260.3,21
16,Loreto,-7.0,-75.0,171.0,1396.2,21
16,Loreto,-7.0,-74.5,205.0,1356.9,18
16,Loreto,-7.0,-74.0,216.0,1421.1,20
14,Lambayeque,-6.5,-80.0,26.0,103.9,1
14,Lambayeque,-6.5,-79.5,418.0,249.1,2
06,Cajamarca,-6.5,-79.0,2082.0,809.1,3
06,Cajamarca,-6.5,-78.5,2605.0,1000.8,5
01,Amazonas,-6.5,-78.0,3621.0,883.9,9
01,Amazonas,-6.5,-77.5,1660.0,661.9,2
22,San Martín,-6.5,-77.0,1043.0,1685.3,23
22,San Martín,-6.5,-76.5,285.0,964.6,10
22,San Martín,-6.5,-76.0,1354.0,1177.7,12
16,Loreto,-6.5,-75.5,244.0,1553.8,22
16,Loreto,-6.5,-75.0,139.0,1627.5,25
16,Loreto,-6.5,-74.5,173.0,1496.5,27
16,Loreto,-6.5,-74.0,181.0,1418.7,24
16,Loreto,-6.5,-73.5,201.0,1316.1,19
20,Piura,-6.0,-81.0,357.0,42.4,0
20,Piura,-6.0,-80.5,19.0,108.3,1
14,Lambayeque,-6.0,-80.0,76.0,93.0,1
14,Lambayeque,-6.0,-79.5,1665.0,550.4,1
06,Cajamarca,-6.0,-79.0,1187.0,736.5,6
01,Amazonas,-6.0,-78.5,1697.0,2697.3,56
01,Amazonas,-6.0,-78.0,2135.0,978.8,6
22,San Martín,-6.0,-77.5,3234.0,1253.6,9
22,San Martín,-6.0,-77.0,830.0,789.8,4
22,San Martín,-6.0,-76.5,284.0,1199.3,16
16,Loreto,-6.0,-76.0,138.0,1620.6,30
16,Loreto,-6.0,-75.5,193.0,1521.8,22
16,Loreto,-6.0,-75.0,135.0,1759.0,32
16,Loreto,-6.0,-74.5,114.0,1554.4,25
16,Loreto,-6.0,-74.0,148.0,1479.6,20
16,Loreto,-6.0,-73.5,172.0,1527.7,23
20,Piura,-5.5,-80.5,72.0,100.2,0
20,Piura,-5.5,-80.0,251.0,293.2,3
20,Piura,-5.5,-79.5,1983.0,972.3,6
06,Cajamarca,-5.5,-79.0,984.0,686.5,5
01,Amazonas,-5.5,-78.5,1179.0,1136.0,10
01,Amazonas,-5.5,-78.0,1067.0,1908.1,37
16,Loreto,-5.5,-77.5,2105.0,1237.2,6
16,Loreto,-5.5,-77.0,751.0,1560.4,21
16,Loreto,-5.5,-76.5,213.0,1350.1,14
16,Loreto,-5.5,-76.0,145.0,1269.5,19
16,Loreto,-5.5,-75.5,216.0,1657.5,30
16,Loreto,-5.5,-75.0,127.0,1509.3,24
16,Loreto,-5.5,-74.5,119.0,1502.3,20
16,Loreto,-5.5,-74.0,109.0,1593.4,25
16,Loreto,-5.5,-73.5,148.0,1487.2,27
16,Loreto,-5.5,-73.0,147.0,1555.1,27
20,Piura,-5.0,-81.0,90.0,42.0,0
20,Piura,-5.0,-80.5,146.0,176.9,1
20,Piura,-5.0,-80.0,1606.0,1700.9,31
20,Piura,-5.0,-79.5,2709.0,614.0,1
06,Cajamarca,-5.0,-79.0,860.0,1353.8,23
01,Amazonas,-5.0,-78.5,1032.0,1271.9,12
01,Amazonas,-5.0,-78.0,297.0,1212.4,11
16,Loreto,-5.0,-77.5,465.0,1462.1,18
16,Loreto,-5.0,-77.0,148.0,1571.0,30
16,Loreto,-5.0,-76.5,128.0,1335.7,17
16,Loreto,-5.0,-76.0,138.0,1462.6,21
16,Loreto,-5.0,-75.5,129.0,1741.3,29
16,Loreto,-5.0,-75.0,122.0,1705.1,31
16,Loreto,-5.0,-74.5,123.0,1643.0,24
16,Loreto,-5.0,-74.0,100.0,1590.5,23
16,Loreto,-5.0,-73.5,142.0,1558.7,28
16,Loreto,-5.0,-73.0,153.0,1575.6,27
20,Piura,-4.5,-81.0,237.0,86.6,0
20,Piura,-4.5,-80.5,228.0,310.2,2
20,Piura,-4.5,-80.0,452.0,620.4,4
01,Amazonas,-4.5,-78.5,840.0,1518.7,25
01,Amazonas,-4.5,-78.0,266.0,1037.3,10
16,Loreto,-4.5,-77.5,187.0,1400.4,25
16,Loreto,-4.5,-77.0,159.0,1495.6,23
16,Loreto,-4.5,-76.5,151.0,1592.4,25
16,Loreto,-4.5,-76.0,154.0,1698.9,26
16,Loreto,-4.5,-75.5,142.0,1429.6,19
16,Loreto,-4.5,-75.0,116.0,1671.4,28
16,Loreto,-4.5,-74.5,118.0,1676.1,31
16,Loreto,-4.5,-74.0,92.0,1439.0,19
16,Loreto,-4.5,-73.5,97.0,1606.9,30
16,Loreto,-4.5,-73.0,155.0,1783.9,29
16,Loreto,-4.5,-72.5,138.0,1723.6,28
16,Loreto,-4.5,-72.0,141.0,1829.2,26
24,Tumbes,-4.0,-80.5,631.0,422.0,4
01,Amazonas,-4.0,-78.5,1538.0,1406.1,16
01,Amazonas,-4.0,-78.0,955.0,2015.9,36
16,Loreto,-4.0,-77.5,404.0,1583.2,28
16,Loreto,-4.0,-77.0,180.0,1573.9,23
16,Loreto,-4.0,-76.5,158.0,1602.6,25
16,Loreto,-4.0,-76.0,168.0,1904.9,38
16,Loreto,-4.0,-75.5,151.0,1469.6,23
16,Loreto,-4.0,-75.0,128.0,1505.6,21
16,Loreto,-4.0,-74.5,127.0,1845.2,34
16,Loreto,-4.0,-74.0,139.0,1674.2,27
16,Loreto,-4.0,-73.5,127.0,1664.8,32
16,Loreto,-4.0,-73.0,147.0,1814.5,33
16,Loreto,-4.0,-72.5,129.0,1854.4,31
16,Loreto,-4.0,-72.0,139.0,1907.8,33
16,Loreto,-4.0,-71.5,110.0,1787.1,31
16,Loreto,-4.0,-71.0,83.0,1736.9,26
16,Loreto,-4.0,-70.5,109.0,1817.1,25
01,Amazonas,-3.5,-78.0,600.0,1650.8,25
16,Loreto,-3.5,-77.5,204.0,1282.4,15
16,Loreto,-3.5,-77.0,213.0,1819.1,25
16,Loreto,-3.5,-76.5,193.0,1568.8,27
16,Loreto,-3.5,-76.0,184.0,1575.1,23
16,Loreto,-3.5,-75.5,175.0,1732.9,22
16,Loreto,-3.5,-75.0,151.0,1669.7,24
16,Loreto,-3.5,-74.5,121.0,1668.1,26
16,Loreto,-3.5,-74.0,152.0,1765.9,29
16,Loreto,-3.5,-73.5,128.0,1801.2,33
16,Loreto,-3.5,-73.0,90.0,1820.5,34
16,Loreto,-3.5,-72.5,94.0,2083.5,43
16,Loreto,-3.5,-72.0,97.0,1996.2,35
16,Loreto,-3.5,-71.5,110.0,1818.9,38
16,Loreto,-3.5,-71.0,87.0,1826.4,31
16,Loreto,-3.0,-77.5,225.0,1740.0,31
16,Loreto,-3.0,-77.0,238.0,1406.2,23
16,Loreto,-3.0,-76.5,211.0,1591.9,25
16,Loreto,-3.0,-76.0,220.0,1752.9,32
16,Loreto,-3.0,-75.5,219.0,1634.4,22
16,Loreto,-3.0,-75.0,174.0,1690.2,27
16,Loreto,-3.0,-74.5,194.0,1707.8,27
16,Loreto,-3.0,-74.0,140.0,1891.6,35
16,Loreto,-3.0,-73.5,137.0,1722.1,31
16,Loreto,-3.0,-73.0,149.0,2083.1,43
16,Loreto,-3.0,-72.5,132.0,1972.8,38
16,Loreto,-3.0,-72.0,140.0,1925.9,35
16,Loreto,-3.0,-71.5,139.0,1729.1,30
16,Loreto,-3.0,-71.0,98.0,1809.1,29
16,Loreto,-3.0,-70.5,142.0,1665.9,28
16,Loreto,-2.5,-76.5,294.0,1570.1,32
16,Loreto,-2.5,-76.0,219.0,1622.0,28
16,Loreto,-2.5,-75.5,191.0,1550.7,23
16,Loreto,-2.5,-75.0,163.0,1688.9,27
16,Loreto,-2.5,-74.5,162.0,1842.4,34
16,Loreto,-2.5,-74.0,149.0,2081.7,45
16,Loreto,-2.5,-73.5,124.0,1779.6,33
16,Loreto,-2.5,-73.0,142.0,1880.1,36
16,Loreto,-2.5,-72.5,117.0,1763.7,31
16,Loreto,-2.5,-72.0,132.0,1945.4,38
16,Loreto,-2.5,-71.5,135.0,1850.4,35
16,Loreto,-2.5,-71.0,158.0,1597.1,29
16,Loreto,-2.5,-70.5,90.0,1789.6,29
16,Loreto,-2.0,-75.5,195.0,1774.3,30
16,Loreto,-2.0,-75.0,169.0,1608.7,23
16,Loreto,-2.0,-74.5,150.0,1844.6,39
16,Loreto,-2.0,-74.0,178.0,1782.6,30
16,Loreto,-2.0,-73.5,157.0,1688.5,28
16,Loreto,-1.5,-75.5,208.0,1543.9,31
16,Loreto,-1.5,-75.0,181.0,1981.6,40
16,Loreto,-1.5,-74.5,197.0,1838.7,41
16,Loreto,-1.5,-74.0,190.0,1697.6,28
16,Loreto,-1.5,-73.5,146.0,1749.4,28
16,Loreto,-1.0,-75.0,216.0,1769.7,31
16,Loreto,-1.0,-74.5,195.0,1557.9,27
16,Loreto,-0.5,-75.0,224.0,1585.1,24
16,Loreto,-0.5,-74.5,187.0,1617.4,29
