ubigeo,departamento,capital,lluvia_total_mm,dias_lluvia_fuerte,declaratorias,prorrogas
01,Amazonas,Chachapoyas,436.5,1,1,0
02,Áncash,Huaraz,975.3,7,0,0
03,Apurímac,Abancay,711.8,2,0,0
04,Arequipa,Arequipa,189.9,0,0,0
05,Ayacucho,Ayacucho,485.1,0,1,0
06,Cajamarca,Cajamarca,773.3,1,0,0
07,Callao,Callao,39.2,0,0,0
08,Cusco,Cusco,710.7,3,0,0
09,Huancavelica,Huancavelica,803.8,1,0,0
10,Huánuco,Huánuco,444.8,1,0,0
11,Ica,Ica,25.1,0,0,0
12,Junín,Huancayo,910.4,5,0,0
13,La Libertad,Trujillo,98.9,1,0,0
14,Lambayeque,Chiclayo,98.8,0,0,0
15,Lima,Huacho,13.9,0,0,0
16,Loreto,Iquitos,1581.8,25,0,0
17,Madre de Dios,Puerto Maldonado,908.0,13,0,0
18,Moquegua,Moquegua,17.8,0,0,0
19,Pasco,Cerro de Pasco,774.0,0,0,0
20,Piura,Piura,89.2,0,1,0
21,Puno,Puno,779.5,3,0,0
22,San Martín,Moyobamba,789.8,4,0,0
23,Tacna,Tacna,11.5,0,0,0
24,Tumbes,Tumbes,332.3,1,0,0
25,Ucayali,Pucallpa,1288.8,20,0,0
